{
  "px4_only": {
    "mass": {
      "mass_kg": 1.0,
      "sample_count": 3102,
      "std_kg": 0.0,
      "gravity_mps2": 9.80665
    },
    "thrust_scale": {
      "thrust_scale_n_per_cmd": 71.89388961233232,
      "sample_count": 3102,
      "rmse_n": 1.535193285872801,
      "gravity_mps2": 9.80665
    },
    "inertia": {
      "x": {
        "axis": "x",
        "inertia_kgm2": 0.09420412520164159,
        "sample_count": 1399,
        "rmse_nm": 0.011585882225197337
      },
      "y": {
        "axis": "y",
        "inertia_kgm2": -0.26246403413960445,
        "sample_count": 1399,
        "rmse_nm": 0.19515509954340754
      },
      "z": {
        "axis": "z",
        "inertia_kgm2": 0.0007122924254349313,
        "sample_count": 1199,
        "rmse_nm": 0.001538812624432853
      }
    },
    "drag": {
      "x": {
        "axis": "x",
        "coefficient": -0.06019635104030204,
        "sample_count": 1282,
        "rmse_n": 0.2682710077080437
      },
      "y": {
        "axis": "y",
        "coefficient": 0.013567519833683615,
        "sample_count": 1297,
        "rmse_n": 0.2937393809083158
      },
      "z": {
        "axis": "z",
        "coefficient": -0.00143637776792312,
        "sample_count": 1501,
        "rmse_n": 0.7684616970173329
      }
    },
    "motor_model": {
      "time_constant_up_s": {
        "value": 0.008919945033960097,
        "sample_count": 4,
        "rmse": 14.103037849929095
      },
      "time_constant_down_s": {
        "value": 0.41445206435700144,
        "sample_count": 29,
        "rmse": 0.025878053158321295
      },
      "max_rot_velocity_radps": {
        "value": 0.0,
        "sample_count": 0,
        "rmse": 0.0
      },
      "motor_constant": {
        "value": 0.0,
        "sample_count": 0,
        "rmse": 0.0
      },
      "moment_constant": {
        "value": 0.0,
        "sample_count": 0,
        "rmse": 0.0
      },
      "rotor_drag_coefficient": {
        "value": 0.0,
        "sample_count": 0,
        "rmse": 0.0
      },
      "rolling_moment_coefficient": {
        "value": 0.0,
        "sample_count": 0,
        "rmse": 0.0
      },
      "rotor_velocity_slowdown_sim": {
        "value": 0.0,
        "sample_count": 0,
        "rmse": 0.0
      }
    },
    "warnings": [
      "hover_thrust samples do not contain thrust_n; using a nominal 1.0 kg mass fallback and estimating thrust scale from normalized command.",
      "motor_constant profile missing; motor_constant set to 0.0 in this estimate.",
      "moment_constant estimate unusable (no usable rows for ratio estimate using tau_z_nm / yaw_moment_basis_n); moment_constant set to 0.0 in this estimate.",
      "rotor_drag_coefficient profile missing; rotor_drag_coefficient set to 0.0 in this estimate.",
      "rolling_moment_coefficient profile missing; rolling_moment_coefficient set to 0.0 in this estimate.",
      "rotor_velocity_slowdown_sim profile missing; rotor_velocity_slowdown_sim set to 0.0 in this estimate.",
      "max_rot_velocity_radps estimate unusable (no usable rows for max estimate using observed_max_rot_velocity_radps); max_rot_velocity_radps set to 0.0 in this estimate."
    ]
  },
  "telemetry_augmented": {
    "mass": {
      "mass_kg": 1.0,
      "sample_count": 10866,
      "std_kg": 0.0,
      "gravity_mps2": 9.80665
    },
    "thrust_scale": {
      "thrust_scale_n_per_cmd": 71.89388961233232,
      "sample_count": 3102,
      "rmse_n": 1.535193285872801,
      "gravity_mps2": 9.80665
    },
    "inertia": {
      "x": {
        "axis": "x",
        "inertia_kgm2": 0.09420412520164159,
        "sample_count": 1399,
        "rmse_nm": 0.011585882225197337
      },
      "y": {
        "axis": "y",
        "inertia_kgm2": -0.26246403413960445,
        "sample_count": 1399,
        "rmse_nm": 0.19515509954340754
      },
      "z": {
        "axis": "z",
        "inertia_kgm2": 0.0007122924254349313,
        "sample_count": 1199,
        "rmse_nm": 0.001538812624432853
      }
    },
    "drag": {
      "x": {
        "axis": "x",
        "coefficient": -0.06019635104030204,
        "sample_count": 1282,
        "rmse_n": 0.2682710077080437
      },
      "y": {
        "axis": "y",
        "coefficient": 0.013567519833683615,
        "sample_count": 1297,
        "rmse_n": 0.2937393809083158
      },
      "z": {
        "axis": "z",
        "coefficient": -0.00143637776792312,
        "sample_count": 1501,
        "rmse_n": 0.7684616970173329
      }
    },
    "motor_model": {
      "time_constant_up_s": {
        "value": 0.010915016495705945,
        "sample_count": 188,
        "rmse": 0.000563054400757795
      },
      "time_constant_down_s": {
        "value": 0.0244725805006451,
        "sample_count": 472,
        "rmse": 0.000815121967809703
      },
      "max_rot_velocity_radps": {
        "value": 924.195873,
        "sample_count": 4208,
        "rmse": 0.0
      },
      "motor_constant": {
        "value": 0.0,
        "sample_count": 0,
        "rmse": 0.0
      },
      "moment_constant": {
        "value": 0.0,
        "sample_count": 0,
        "rmse": 0.0
      },
      "rotor_drag_coefficient": {
        "value": 0.0,
        "sample_count": 0,
        "rmse": 0.0
      },
      "rolling_moment_coefficient": {
        "value": 0.0,
        "sample_count": 0,
        "rmse": 0.0
      },
      "rotor_velocity_slowdown_sim": {
        "value": 9.999999999861327,
        "sample_count": 13228,
        "rmse": 1.393340381476968e-07
      }
    },
    "warnings": [
      "hover_thrust samples do not contain thrust_n; using a nominal 1.0 kg mass fallback and estimating thrust scale from normalized command.",
      "motor_constant profile missing; motor_constant set to 0.0 in this estimate.",
      "moment_constant estimate unusable (no usable rows for ratio estimate using tau_z_nm / yaw_moment_basis_n); moment_constant set to 0.0 in this estimate.",
      "rotor_drag_coefficient profile missing; rotor_drag_coefficient set to 0.0 in this estimate.",
      "rolling_moment_coefficient profile missing; rolling_moment_coefficient set to 0.0 in this estimate."
    ]
  },
  "truth_assisted": {
    "mass": {
      "mass_kg": 1.9,
      "sample_count": 10866,
      "std_kg": 0.0,
      "gravity_mps2": 9.80665
    },
    "thrust_scale": {
      "thrust_scale_n_per_cmd": 155.30751704782952,
      "sample_count": 10866,
      "rmse_n": 3.0341603853725285,
      "gravity_mps2": 9.80665
    },
    "inertia": {
      "x": {
        "axis": "x",
        "inertia_kgm2": 0.02058333333333,
        "sample_count": 44872,
        "rmse_nm": 0.0
      },
      "y": {
        "axis": "y",
        "inertia_kgm2": 0.02058333333333,
        "sample_count": 44872,
        "rmse_nm": 0.0
      },
      "z": {
        "axis": "z",
        "inertia_kgm2": 0.038,
        "sample_count": 44872,
        "rmse_nm": 0.0
      }
    },
    "drag": {
      "x": {
        "axis": "x",
        "coefficient": -0.11437306697657387,
        "sample_count": 1282,
        "rmse_n": 0.509714914645283
      },
      "y": {
        "axis": "y",
        "coefficient": 0.02577828768399887,
        "sample_count": 1297,
        "rmse_n": 0.5581048237258001
      },
      "z": {
        "axis": "z",
        "coefficient": -0.0027291177590539283,
        "sample_count": 1501,
        "rmse_n": 1.4600772243329327
      }
    },
    "motor_model": {
      "time_constant_up_s": {
        "value": 0.013125,
        "sample_count": 44872,
        "rmse": 0.0
      },
      "time_constant_down_s": {
        "value": 0.02625,
        "sample_count": 44872,
        "rmse": 0.0
      },
      "max_rot_velocity_radps": {
        "value": 970.0,
        "sample_count": 44872,
        "rmse": 0.0
      },
      "motor_constant": {
        "value": 8.8050374e-06,
        "sample_count": 44872,
        "rmse": 0.0
      },
      "moment_constant": {
        "value": 0.01552,
        "sample_count": 44872,
        "rmse": 0.0
      },