{
  "px4_only": {
    "comparable_metrics": {
      "mass_kg": {
        "identified": 1.0,
        "reference": 1.9,
        "abs_error": -0.8999999999999999,
        "pct_error": -47.368421052631575
      },
      "ixx_kgm2": {
        "identified": 0.09420412520164159,
        "reference": 0.020583333333333335,
        "abs_error": 0.07362079186830825,
        "pct_error": 357.6718633278133
      },
      "iyy_kgm2": {
        "identified": -0.26246403413960445,
        "reference": 0.020583333333333335,
        "abs_error": -0.2830473674729378,
        "pct_error": -1375.1289107996977
      },
      "izz_kgm2": {
        "identified": 0.0007122924254349313,
        "reference": 0.038000000000000006,
        "abs_error": -0.03728770757456507,
        "pct_error": -98.12554624885543
      },
      "time_constant_up_s": {
        "identified": 0.008919945033960097,
        "reference": 0.013125000000000001,
        "abs_error": -0.004205054966039904,
        "pct_error": -32.038514026970695
      },
      "time_constant_down_s": {
        "identified": 0.41445206435700144,
        "reference": 0.026250000000000002,
        "abs_error": 0.38820206435700144,
        "pct_error": 1478.865007074291
      },
      "max_rot_velocity_radps": {
        "identified": 0.0,
        "reference": 970.0,
        "abs_error": -970.0,
        "pct_error": -100.0
      },
      "motor_constant": {
        "identified": 0.0,
        "reference": 8.8050374e-06,
        "abs_error": -8.8050374e-06,
        "pct_error": -100.0
      },
      "moment_constant": {
        "identified": 0.0,
        "reference": 0.015519999999999999,
        "abs_error": -0.015519999999999999,
        "pct_error": -100.0
      },
      "rotor_drag_coefficient": {
        "identified": 0.0,
        "reference": 8.467494000000001e-05,
        "abs_error": -8.467494000000001e-05,
        "pct_error": -100.0
      },
      "rolling_moment_coefficient": {
        "identified": 0.0,
        "reference": 1.05e-06,
        "abs_error": -1.05e-06,
        "pct_error": -100.0
      },
      "rotor_velocity_slowdown_sim": {
        "identified": 0.0,
        "reference": 10.0,
        "abs_error": -10.0,
        "pct_error": -100.0
      }
    },
    "blended_twin_score": {
      "score": 2.646593375412783e-14,
      "normalized_penalty": 35.86808819360675,
      "family_scores": {
        "inertia": 7.385962758050438e-26,
        "mass": 0.007684776196487907,
        "motor_coefficients": 2.6688731809035683e-06,
        "motor_dynamics": 3.608915554984174e-15
      },
      "metric_contributions": {
        "mass_kg": {
          "family": "mass",
          "weight": 1.0,
          "tolerance_pct": 5.0,
          "normalized_error": 9.473684210526315,
          "weighted_penalty": 9.473684210526315
        },
        "ixx_kgm2": {
          "family": "inertia",
          "weight": 1.4,
          "tolerance_pct": 10.0,
          "normalized_error": 35.76718633278133,
          "weighted_penalty": 50.074060865893856
        },
        "iyy_kgm2": {
          "family": "inertia",
          "weight": 1.2,
          "tolerance_pct": 10.0,
          "normalized_error": 137.51289107996976,
          "weighted_penalty": 165.0154692959637
        },
        "izz_kgm2": {
          "family": "inertia",
          "weight": 1.0,
          "tolerance_pct": 10.0,
          "normalized_error": 9.812554624885543,
          "weighted_penalty": 9.812554624885543
        },
        "time_constant_up_s": {
          "family": "motor_dynamics",
          "weight": 1.3,
          "tolerance_pct": 15.0,
          "normalized_error": 2.13590093513138,
          "weighted_penalty": 2.776671215670794
        },
        "time_constant_down_s": {
          "family": "motor_dynamics",
          "weight": 1.0,
          "tolerance_pct": 15.0,
          "normalized_error": 98.59100047161941,
          "weighted_penalty": 98.59100047161941
        },
        "max_rot_velocity_radps": {
          "family": "motor_dynamics",
          "weight": 0.8,
          "tolerance_pct": 5.0,
          "normalized_error": 20.0,
          "weighted_penalty": 16.0
        },
        "motor_constant": {
          "family": "motor_coefficients",
          "weight": 1.1,
          "tolerance_pct": 5.0,
          "normalized_error": 20.0,
          "weighted_penalty": 22.0
        },
        "moment_constant": {
          "family": "motor_coefficients",
          "weight": 0.9,
          "tolerance_pct": 5.0,
          "normalized_error": 20.0,
          "weighted_penalty": 18.0
        },
        "rotor_drag_coefficient": {
          "family": "motor_coefficients",
          "weight": 0.8,
          "tolerance_pct": 8.0,
          "normalized_error": 12.5,
          "weighted_penalty": 10.0
        },
        "rolling_moment_coefficient": {
          "family": "motor_coefficients",
          "weight": 0.6,
          "tolerance_pct": 8.0,
          "normalized_error": 12.5,
          "weighted_penalty": 7.5
        },
        "rotor_velocity_slowdown_sim": {
          "family": "motor_coefficients",
          "weight": 0.7,
          "tolerance_pct": 5.0,
          "normalized_error": 20.0,
          "weighted_penalty": 14.0
        }
      }
    },
    "non_comparable_metrics": {
      "identified_only": [
        "thrust_scale_n_per_cmd",
        "drag_x",
        "drag_y",
        "drag_z"
      ],
      "sdf_only": [],
      "note": "Mass, inertia, and Gazebo motor-model terms are compared directly. Generic body drag and thrust-scale terms remain identification-only summaries."
    }
  },
  "telemetry_augmented": {
    "comparable_metrics": {
      "mass_kg": {
        "identified": 1.0,
        "reference": 1.9,
        "abs_error": -0.8999999999999999,
        "pct_error": -47.368421052631575
      },
      "ixx_kgm2": {
        "identified": 0.09420412520164159,
        "reference": 0.020583333333333335,
        "abs_error": 0.07362079186830825,
        "pct_error": 357.6718633278133
      },
      "iyy_kgm2": {
        "identified": -0.26246403413960445,
        "reference": 0.020583333333333335,
        "abs_error": -0.2830473674729378,
        "pct_error": -1375.1289107996977
      },
      "izz_kgm2": {
        "identified": 0.0007122924254349313,
        "reference": 0.038000000000000006,
        "abs_error": -0.03728770757456507,
        "pct_error": -98.12554624885543
      },
      "time_constant_up_s": {
        "identified": 0.010915016495705945,
        "reference": 0.013125000000000001,
        "abs_error": -0.0022099835042940566,
        "pct_error": -16.837969556526144
      },
      "time_constant_down_s": {
        "identified": 0.0244725805006451,
        "reference": 0.026250000000000002,
        "abs_error": -0.0017774194993549035,
        "pct_error": -6.771121902304393
      },
      "max_rot_velocity_radps": {
        "identified": 924.195873,
        "reference": 970.0,
        "abs_error": -45.804126999999994,
        "pct_error": -4.722074948453607
      },
      "motor_constant": {
        "identified": 0.0,
        "reference": 8.8050374e-06,
        "abs_error": -8.8050374e-06,
        "pct_error": -100.0
      },
      "moment_constant": {
        "identified": 0.0,
        "reference": 0.015519999999999999,
        "abs_error": -0.015519999999999999,
        "pct_error": -100.0
      },
      "rotor_drag_coefficient": {
        "identified": 0.0,
        "reference": 8.467494000000001e-05,
        "abs_error": -8.467494000000001e-05,
        "pct_error": -100.0
      },
      "rolling_moment_coefficient": {
        "identified": 0.0,
        "reference": 1.05e-06,
        "abs_error": -1.05e-06,
        "pct_error": -100.0
      },
      "rotor_velocity_slowdown_sim": {
        "identified": 9.999999999861327,
        "reference": 10.0,
        "abs_error": -1.3867307302461995e-10,
        "pct_error": -1.3867307302461995e-09
      }
    },
    "blended_twin_score": {
      "score": 1.443758233716728e-09,