{
  "comparable_metrics": {
    "mass_kg": {
      "identified": 1.9,
      "reference": 1.9,
      "abs_error": 0.0,
      "pct_error": 0.0
    },
    "ixx_kgm2": {
      "identified": 0.02058333333333,
      "reference": 0.020583333333333335,
      "abs_error": -3.3341385208274232e-15,
      "pct_error": -1.6198243825882217e-11
    },
    "iyy_kgm2": {
      "identified": 0.02058333333333,
      "reference": 0.020583333333333335,
      "abs_error": -3.3341385208274232e-15,
      "pct_error": -1.6198243825882217e-11
    },
    "izz_kgm2": {
      "identified": 0.038,
      "reference": 0.038000000000000006,
      "abs_error": -6.938893903907228e-18,
      "pct_error": -1.8260247115545333e-14
    },
    "time_constant_up_s": {
      "identified": 0.013125,
      "reference": 0.013125000000000001,
      "abs_error": -1.734723475976807e-18,
      "pct_error": -1.3216940769347102e-14
    },
    "time_constant_down_s": {
      "identified": 0.02625,
      "reference": 0.026250000000000002,
      "abs_error": -3.469446951953614e-18,
      "pct_error": -1.3216940769347102e-14
    },
    "max_rot_velocity_radps": {
      "identified": 970.0,
      "reference": 970.0,
      "abs_error": 0.0,
      "pct_error": 0.0
    },
    "motor_constant": {
      "identified": 8.8050374e-06,
      "reference": 8.8050374e-06,
      "abs_error": 0.0,
      "pct_error": 0.0
    },
    "moment_constant": {
      "identified": 0.01552,
      "reference": 0.015519999999999999,
      "abs_error": 1.734723475976807e-18,
      "pct_error": 1.1177341984386644e-14
    },
    "rotor_drag_coefficient": {
      "identified": 8.467494e-05,
      "reference": 8.467494000000001e-05,
      "abs_error": -1.3552527156068805e-20,
      "pct_error": -1.6005357849759095e-14
    },
    "rolling_moment_coefficient": {
      "identified": 1.05e-06,
      "reference": 1.05e-06,
      "abs_error": 0.0,
      "pct_error": 0.0
    },
    "rotor_velocity_slowdown_sim": {
      "identified": 10.0,
      "reference": 10.0,
      "abs_error": 0.0,
      "pct_error": 0.0
    }
  },
  "blended_twin_score": {
    "score": 99.99999999996425,
    "normalized_penalty": 3.5754309104811275e-13,
    "family_scores": {
      "inertia": 99.99999999988296,
      "mass": 100.0,
      "motor_coefficients": 99.99999999999991,
      "motor_dynamics": 99.99999999999993
    },
    "metric_contributions": {
      "mass_kg": {
        "family": "mass",
        "weight": 1.0,
        "tolerance_pct": 5.0,
        "normalized_error": 0.0,
        "weighted_penalty": 0.0
      },
      "ixx_kgm2": {
        "family": "inertia",
        "weight": 1.4,
        "tolerance_pct": 10.0,
        "normalized_error": 1.6198243825882217e-12,
        "weighted_penalty": 2.2677541356235104e-12
      },
      "iyy_kgm2": {
        "family": "inertia",
        "weight": 1.2,
        "tolerance_pct": 10.0,
        "normalized_error": 1.6198243825882217e-12,
        "weighted_penalty": 1.943789259105866e-12
      },
      "izz_kgm2": {
        "family": "inertia",
        "weight": 1.0,
        "tolerance_pct": 10.0,
        "normalized_error": 1.8260247115545332e-15,
        "weighted_penalty": 1.8260247115545332e-15
      },
      "time_constant_up_s": {
        "family": "motor_dynamics",
        "weight": 1.3,
        "tolerance_pct": 15.0,
        "normalized_error": 8.811293846231401e-16,
        "weighted_penalty": 1.1454682000100822e-15
      },
      "time_constant_down_s": {
        "family": "motor_dynamics",
        "weight": 1.0,
        "tolerance_pct": 15.0,
        "normalized_error": 8.811293846231401e-16,
        "weighted_penalty": 8.811293846231401e-16
      },
      "max_rot_velocity_radps": {
        "family": "motor_dynamics",
        "weight": 0.8,
        "tolerance_pct": 5.0,
        "normalized_error": 0.0,
        "weighted_penalty": 0.0
      },
      "motor_constant": {
        "family": "motor_coefficients",
        "weight": 1.1,
        "tolerance_pct": 5.0,
        "normalized_error": 0.0,
        "weighted_penalty": 0.0
      },
      "moment_constant": {
        "family": "motor_coefficients",
        "weight": 0.9,
        "tolerance_pct": 5.0,
        "normalized_error": 2.2354683968773287e-15,
        "weighted_penalty": 2.0119215571895957e-15
      },
      "rotor_drag_coefficient": {
        "family": "motor_coefficients",
        "weight": 0.8,
        "tolerance_pct": 8.0,
        "normalized_error": 2.000669731219887e-15,
        "weighted_penalty": 1.6005357849759095e-15
      },
      "rolling_moment_coefficient": {
        "family": "motor_coefficients",
        "weight": 0.6,
        "tolerance_pct": 8.0,
        "normalized_error": 0.0,
        "weighted_penalty": 0.0
      },
      "rotor_velocity_slowdown_sim": {
        "family": "motor_coefficients",
        "weight": 0.7,
        "tolerance_pct": 5.0,
        "normalized_error": 0.0,
        "weighted_penalty": 0.0
      }
    }
  },
  "non_comparable_metrics": {
    "identified_only": [
      "thrust_scale_n_per_cmd",
      "drag_x",
      "drag_y",
      "drag_z"
    ],
    "sdf_only": [],
    "note": "Mass, inertia, and Gazebo motor-model terms are compared directly. Generic body drag and thrust-scale terms remain identification-only summaries."
  }
}