{
  "mass": {
    "mass_kg": 0.8005818253783448,
    "sample_count": 1886,
    "std_kg": 0.015324376724189888,
    "gravity_mps2": 9.80665
  },
  "thrust_scale": {
    "thrust_scale_n_per_cmd": 16.000000000000004,
    "sample_count": 1886,
    "rmse_n": 0.3062647936969647,
    "gravity_mps2": 9.80665
  },
  "observability": {
    "absolute_mass_observable_from_current_logs": false,
    "mass_anchor_candidates": {
      "jmavsim_prior_family": {
        "method": "collective_specific_force_gain + prior thrust_scale",
        "thrust_scale_n_per_cmd": 16.0,
        "estimated_mass": {
          "mass_kg": 0.8005818253783448,
          "sample_count": 1886,
          "std_kg": 0.015324376724189888,
          "gravity_mps2": 9.80665
        }
      }
    },
    "prefer_prior_mass_anchor": true,
    "prior_hints": {
      "label": "jmavsim_prior_family",
      "thrust_scale_n_per_cmd": 16.0
    }
  },
  "indirect_observables": {
    "collective_specific_force_gain_mps2_per_cmd": {
      "value": 19.985464936627313,
      "sample_count": 1886,
      "rmse": 0.3825527684846304
    },
    "hover_command_abs_mean": {
      "value": 0.49035354931071046,
      "sample_count": 1886,
      "rmse": 0.0
    },
    "specific_drag": {
      "x": {
        "value": -0.0009721916699480619,
        "sample_count": 459,
        "rmse": 0.30026623871237185
      },
      "y": {
        "value": -0.006189743545586125,
        "sample_count": 453,
        "rmse": 0.3024687396835412
      },
      "z": {
        "value": 0.05186274811080178,
        "sample_count": 297,
        "rmse": 0.21322812414444395
      }
    },
    "bridge_probe": {
      "available": true,
      "x": {
        "velocity_scale": {
          "value": 1.0650083658762222,
          "sample_count": 146,
          "rmse": 0.1637092482832716
        },
        "accel_scale": {
          "value": 0.8787551821624042,
          "sample_count": 170,
          "rmse": 0.4767935744986721
        },
        "accel_scale_positive": {
          "value": 0.9311425027985389,
          "sample_count": 86,
          "rmse": 0.48340730723932357
        },
        "accel_scale_negative": {
          "value": 0.8287630645788879,
          "sample_count": 84,
          "rmse": 0.46607760303856793
        }
      },
      "y": {
        "velocity_scale": {
          "value": 1.0721183402474062,
          "sample_count": 142,
          "rmse": 0.16507493047821725
        },
        "accel_scale": {
          "value": 0.918213424511069,
          "sample_count": 166,
          "rmse": 0.492158187846039
        },
        "accel_scale_positive": {
          "value": 0.9286374644567698,
          "sample_count": 86,
          "rmse": 0.4942433538288461
        },
        "accel_scale_negative": {
          "value": 0.906780262601732,
          "sample_count": 80,
          "rmse": 0.4897366939462644
        }
      }
    }
  },
  "inertia": {
    "x": {
      "axis": "x",
      "inertia_kgm2": 0.004306245353177241,
      "sample_count": 844,
      "rmse_nm": 0.001313814821108734
    },
    "y": {
      "axis": "y",
      "inertia_kgm2": 0.0028985423788808777,
      "sample_count": 1797,
      "rmse_nm": 0.001371132893850877
    },
    "z": {
      "axis": "z",
      "inertia_kgm2": 0.050490692939107504,
      "sample_count": 2403,
      "rmse_nm": 0.0002743378719033189
    }
  },
  "drag": {
    "x": {
      "axis": "x",
      "coefficient": -0.000778318981744642,
      "sample_count": 459,
      "rmse_n": 0.24038769348784048
    },
    "y": {
      "axis": "y",
      "coefficient": -0.00495539618634917,
      "sample_count": 453,
      "rmse_n": 0.24215097573573682
    },
    "z": {
      "axis": "z",
      "coefficient": 0.04152037355168296,
      "sample_count": 297,
      "rmse_n": 0.17070656084955926
    }
  },
  "motor_model": {
    "time_constant_up_s": {
      "value": 0.017447324655535112,
      "sample_count": 1,
      "rmse": 0.0
    },
    "time_constant_down_s": {
      "value": 0.003004857656662807,
      "sample_count": 2,
      "rmse": 0.005809138177058538
    },
    "max_rot_velocity_radps": {
      "value": 1000.0,
      "sample_count": 0,
      "rmse": 0.0
    },
    "motor_constant": {
      "value": 4e-06,
      "sample_count": 0,
      "rmse": 0.0
    },
    "moment_constant": {
      "value": 0.0125,
      "sample_count": 0,
      "rmse": 0.0
    },
    "rotor_drag_coefficient": {
      "value": 8.06428e-05,
      "sample_count": 0,
      "rmse": 0.0
    },
    "rolling_moment_coefficient": {
      "value": 1e-06,
      "sample_count": 0,
      "rmse": 0.0
    },
    "rotor_velocity_slowdown_sim": {
      "value": 10.0,
      "sample_count": 0,
      "rmse": 0.0
    }
  },
  "effective_actuator_dynamics": {
    "collective_up": {
      "delay_s": {
        "value": 0.021685935094552633,
        "sample_count": 1,
        "rmse": 0.0
      },
      "time_constant_s": {
        "value": 0.017447324655535112,
        "sample_count": 1,
        "rmse": 0.0
      }
    },
    "collective_down": {
      "delay_s": {
        "value": 0.014917745901527724,
        "sample_count": 2,
        "rmse": 0.009579925519805885
      },
      "time_constant_s": {
        "value": 0.003004857656662807,
        "sample_count": 2,
        "rmse": 0.005809138177058538
      }
    }
  },
  "warnings": [
    "hover_thrust samples do not contain thrust_n; absolute mass is not directly observable from normalized thrust alone. Using the research-mode prior thrust-scale anchor to convert the identified collective specific-force gain into an estimated mass.",
    "y-axis inertia estimate used joint diagonal fit because it outperformed the axis-wise fit (rmse 0.0019 -> 0.0014).",
    "z-axis inertia estimate used joint diagonal fit because it outperformed the axis-wise fit (rmse 0.0004 -> 0.0003).",
    "motor_constant profile missing; motor_constant set to 0.0 in this estimate.",
    "moment_constant estimate unusable (no usable rows for ratio estimate using tau_z_nm / yaw_moment_basis_n); moment_constant set to 0.0 in this estimate.",
    "rotor_drag_coefficient profile missing; rotor_drag_coefficient set to 0.0 in this estimate.",
    "rolling_moment_coefficient profile missing; rolling_moment_coefficient set to 0.0 in this estimate.",
    "rotor_velocity_slowdown_sim profile missing; rotor_velocity_slowdown_sim set to 0.0 in this estimate.",
    "max_rot_velocity_radps estimate unusable (no usable rows for max estimate using observed_max_rot_velocity_radps); max_rot_velocity_radps set to 0.0 in this estimate.",
    "time_constant_up_s estimate unusable (no usable scalar estimates to combine); time_constant_up_s set to 0.0 in this estimate.",
    "time_constant_down_s estimate unusable (no usable scalar estimates to combine); time_constant_down_s set to 0.0 in this estimate.",
    "time_constant_up_s fell back to effective collective step-response dynamics because direct rotor telemetry was unavailable.",
    "time_constant_down_s fell back to effective collective step-response dynamics because direct rotor telemetry was unavailable.",
    "Bridge calibration filled missing motor-model fields from jMAVSim prior: max_rot_velocity_radps, moment_constant, motor_constant, rolling_moment_coefficient, rotor_drag_coefficient, rotor_velocity_slowdown_sim",
    "Bridge calibration geometry preset: x500_scaled_165mm",
    "Bridge residual calibration candidate: simulator-only geometry/motor overrides for HITL-to-SITL matching."
  ],
  "composite_sources": {
    "motor_model_bridge_seed": "jmavsim_prior",
    "geometry": "preset:x500_scaled_165mm"
  },
  "geometry": {
    "label": "x500 scaled to jMAVSim 165 mm arm length",
    "rotor_positions_m": {
      "rotor_0": [
        0.11667261889578034,
        -0.11667261889578034,
        0.06
      ],
      "rotor_1": [
        -0.11667261889578034,
        0.11667261889578034,
        0.06
      ],