{
  "px4_only": {
    "mass": {
      "mass_kg": 1.0,
      "sample_count": 3102,
      "std_kg": 0.0,
      "gravity_mps2": 9.80665
    },
    "thrust_scale": {
      "thrust_scale_n_per_cmd": 13.454883876108562,
      "sample_count": 3102,
      "rmse_n": 0.9987734660187595,
      "gravity_mps2": 9.80665
    },
    "inertia": {
      "x": {
        "axis": "x",
        "inertia_kgm2": 0.0013140151049816186,
        "sample_count": 1398,
        "rmse_nm": 0.0011250277122450236
      },
      "y": {
        "axis": "y",
        "inertia_kgm2": 0.03859208820887096,
        "sample_count": 1399,
        "rmse_nm": 0.0062301508068771435
      },
      "z": {
        "axis": "z",
        "inertia_kgm2": -0.0024250283361965355,
        "sample_count": 1195,
        "rmse_nm": 0.0010203820140307876
      }
    },
    "drag": {
      "x": {
        "axis": "x",
        "coefficient": -0.06026393674841383,
        "sample_count": 1333,
        "rmse_n": 0.24854965424726128
      },
      "y": {
        "axis": "y",
        "coefficient": -0.07240808211331172,
        "sample_count": 1328,
        "rmse_n": 0.25390157354072385
      },
      "z": {
        "axis": "z",
        "coefficient": -0.03746350636907682,
        "sample_count": 1165,
        "rmse_n": 0.12508235010500338
      }
    },
    "motor_model": {
      "time_constant_up_s": {
        "value": 0.012591065203331198,
        "sample_count": 4,
        "rmse": 15.836961462286627
      },
      "time_constant_down_s": {
        "value": 0.23784487336740157,
        "sample_count": 135,
        "rmse": 0.07512766604764139
      },
      "max_rot_velocity_radps": {
        "value": 0.0,
        "sample_count": 0,
        "rmse": 0.0
      },
      "motor_constant": {
        "value": 0.0,
        "sample_count": 0,
        "rmse": 0.0
      },
      "moment_constant": {
        "value": 0.0,
        "sample_count": 0,
        "rmse": 0.0
      },
      "rotor_drag_coefficient": {
        "value": 0.0,
        "sample_count": 0,
        "rmse": 0.0
      },
      "rolling_moment_coefficient": {
        "value": 0.0,
        "sample_count": 0,
        "rmse": 0.0
      },
      "rotor_velocity_slowdown_sim": {
        "value": 0.0,
        "sample_count": 0,
        "rmse": 0.0
      }
    },
    "warnings": [
      "hover_thrust samples do not contain thrust_n; using a nominal 1.0 kg mass fallback and estimating thrust scale from normalized command.",
      "motor_constant profile missing; motor_constant set to 0.0 in this estimate.",
      "moment_constant estimate unusable (no usable rows for ratio estimate using tau_z_nm / yaw_moment_basis_n); moment_constant set to 0.0 in this estimate.",
      "rotor_drag_coefficient profile missing; rotor_drag_coefficient set to 0.0 in this estimate.",
      "rolling_moment_coefficient profile missing; rolling_moment_coefficient set to 0.0 in this estimate.",
      "rotor_velocity_slowdown_sim profile missing; rotor_velocity_slowdown_sim set to 0.0 in this estimate.",
      "max_rot_velocity_radps estimate unusable (no usable rows for max estimate using observed_max_rot_velocity_radps); max_rot_velocity_radps set to 0.0 in this estimate."
    ]
  },
  "telemetry_augmented": {
    "mass": {
      "mass_kg": 1.0,
      "sample_count": 10866,
      "std_kg": 0.0,
      "gravity_mps2": 9.80665
    },
    "thrust_scale": {
      "thrust_scale_n_per_cmd": 13.454883876108562,
      "sample_count": 3102,
      "rmse_n": 0.9987734660187595,
      "gravity_mps2": 9.80665
    },
    "inertia": {
      "x": {
        "axis": "x",
        "inertia_kgm2": 0.0013140151049816186,
        "sample_count": 1398,
        "rmse_nm": 0.0011250277122450236
      },
      "y": {
        "axis": "y",
        "inertia_kgm2": 0.03859208820887096,
        "sample_count": 1399,
        "rmse_nm": 0.0062301508068771435
      },
      "z": {
        "axis": "z",
        "inertia_kgm2": -0.0024250283361965355,
        "sample_count": 1195,
        "rmse_nm": 0.0010203820140307876
      }
    },
    "drag": {
      "x": {
        "axis": "x",
        "coefficient": -0.06026393674841383,
        "sample_count": 1333,
        "rmse_n": 0.24854965424726128
      },
      "y": {
        "axis": "y",
        "coefficient": -0.07240808211331172,
        "sample_count": 1328,
        "rmse_n": 0.25390157354072385
      },
      "z": {
        "axis": "z",
        "coefficient": -0.03746350636907682,
        "sample_count": 1165,
        "rmse_n": 0.12508235010500338
      }
    },
    "motor_model": {
      "time_constant_up_s": {
        "value": 0.005001419926262595,
        "sample_count": 13,
        "rmse": 4.8834769354720496e-05
      },
      "time_constant_down_s": {
        "value": 2.8211012692257365,
        "sample_count": 4,
        "rmse": 602.7262073613382
      },
      "max_rot_velocity_radps": {
        "value": 680.695927,
        "sample_count": 4208,
        "rmse": 0.0
      },
      "motor_constant": {
        "value": 0.0,
        "sample_count": 0,
        "rmse": 0.0
      },
      "moment_constant": {
        "value": 0.0,
        "sample_count": 0,
        "rmse": 0.0
      },
      "rotor_drag_coefficient": {
        "value": 0.0,
        "sample_count": 0,
        "rmse": 0.0
      },
      "rolling_moment_coefficient": {
        "value": 0.0,
        "sample_count": 0,
        "rmse": 0.0
      },
      "rotor_velocity_slowdown_sim": {
        "value": 10.000000000363698,
        "sample_count": 7900,
        "rmse": 1.4746648360307969e-07
      }
    },
    "warnings": [
      "hover_thrust samples do not contain thrust_n; using a nominal 1.0 kg mass fallback and estimating thrust scale from normalized command.",
      "motor_constant profile missing; motor_constant set to 0.0 in this estimate.",
      "moment_constant estimate unusable (no usable rows for ratio estimate using tau_z_nm / yaw_moment_basis_n); moment_constant set to 0.0 in this estimate.",
      "rotor_drag_coefficient profile missing; rotor_drag_coefficient set to 0.0 in this estimate.",
      "rolling_moment_coefficient profile missing; rolling_moment_coefficient set to 0.0 in this estimate."
    ]
  },
  "truth_assisted": {
    "mass": {
      "mass_kg": 0.9,
      "sample_count": 10866,
      "std_kg": 0.0,
      "gravity_mps2": 9.80665
    },
    "thrust_scale": {
      "thrust_scale_n_per_cmd": 12.125685565376388,
      "sample_count": 10866,
      "rmse_n": 0.3522436964478964,
      "gravity_mps2": 9.80665
    },
    "inertia": {
      "x": {
        "axis": "x",
        "inertia_kgm2": 0.005,
        "sample_count": 44871,
        "rmse_nm": 0.0
      },
      "y": {
        "axis": "y",
        "inertia_kgm2": 0.005,
        "sample_count": 44871,
        "rmse_nm": 0.0
      },
      "z": {
        "axis": "z",
        "inertia_kgm2": 0.009,
        "sample_count": 44871,
        "rmse_nm": 0.0
      }
    },
    "drag": {
      "x": {
        "axis": "x",
        "coefficient": -0.054237543073572446,
        "sample_count": 1333,
        "rmse_n": 0.22369468882253515
      },
      "y": {
        "axis": "y",
        "coefficient": -0.06516727390198054,
        "sample_count": 1328,
        "rmse_n": 0.2285114161866515
      },
      "z": {
        "axis": "z",
        "coefficient": -0.03371715573216914,
        "sample_count": 1165,
        "rmse_n": 0.11257411509450305
      }
    },
    "motor_model": {
      "time_constant_up_s": {
        "value": 0.005,
        "sample_count": 44871,
        "rmse": 0.0
      },
      "time_constant_down_s": {
        "value": 0.005,
        "sample_count": 44871,
        "rmse": 0.0
      },
      "max_rot_velocity_radps": {
        "value": 1000.0,
        "sample_count": 44871,
        "rmse": 0.0
      },
      "motor_constant": {
        "value": 4e-06,
        "sample_count": 44871,
        "rmse": 0.0
      },
      "moment_constant": {
        "value": 0.0125,
        "sample_count": 44871,
        "rmse": 0.0
      },