{
  "mass": {
    "mass_kg": 0.8005818253783448,
    "sample_count": 1886,
    "std_kg": 0.015324376724189888,
    "gravity_mps2": 9.80665
  },
  "thrust_scale": {
    "thrust_scale_n_per_cmd": 16.000000000000004,
    "sample_count": 1886,
    "rmse_n": 0.3062647936969647,
    "gravity_mps2": 9.80665
  },
  "observability": {
    "absolute_mass_observable_from_current_logs": false,
    "mass_anchor_candidates": {
      "jmavsim_prior_thrust_scale": {
        "method": "collective_specific_force_gain + prior thrust_scale",
        "thrust_scale_n_per_cmd": 16.0,
        "estimated_mass": {
          "mass_kg": 0.8005818253783448,
          "sample_count": 1886,
          "std_kg": 0.015324376724189888,
          "gravity_mps2": 9.80665
        }
      }
    },
    "prefer_prior_mass_anchor": true,
    "prior_hints": {
      "label": "jmavsim_prior_thrust_scale",
      "thrust_scale_n_per_cmd": 16.0
    }
  },
  "indirect_observables": {
    "collective_specific_force_gain_mps2_per_cmd": {
      "value": 19.985464936627313,
      "sample_count": 1886,
      "rmse": 0.3825527684846304
    },
    "hover_command_abs_mean": {
      "value": 0.49035354931071046,
      "sample_count": 1886,
      "rmse": 0.0
    },
    "specific_drag": {
      "x": {
        "value": -0.0009721916699480619,
        "sample_count": 459,
        "rmse": 0.30026623871237185
      },
      "y": {
        "value": -0.006189743545586125,
        "sample_count": 453,
        "rmse": 0.3024687396835412
      },
      "z": {
        "value": 0.05186274811080178,
        "sample_count": 297,
        "rmse": 0.21322812414444395
      }
    },
    "bridge_probe": {
      "available": true,
      "x": {
        "velocity_scale": {
          "value": 1.0650083658762222,
          "sample_count": 146,
          "rmse": 0.1637092482832716
        },
        "accel_scale": {
          "value": 0.8787551821624042,
          "sample_count": 170,
          "rmse": 0.4767935744986721
        },
        "accel_scale_positive": {
          "value": 0.9311425027985389,
          "sample_count": 86,
          "rmse": 0.48340730723932357
        },
        "accel_scale_negative": {
          "value": 0.8287630645788879,
          "sample_count": 84,
          "rmse": 0.46607760303856793
        }
      },
      "y": {
        "velocity_scale": {
          "value": 1.0721183402474062,
          "sample_count": 142,
          "rmse": 0.16507493047821725
        },
        "accel_scale": {
          "value": 0.918213424511069,
          "sample_count": 166,
          "rmse": 0.492158187846039
        },
        "accel_scale_positive": {
          "value": 0.9286374644567698,
          "sample_count": 86,
          "rmse": 0.4942433538288461
        },
        "accel_scale_negative": {
          "value": 0.906780262601732,
          "sample_count": 80,
          "rmse": 0.4897366939462644
        }
      }
    }
  },
  "state_chain": {
    "bridge_probe_xy": {
      "available": true,
      "sampling": {
        "mean_dt_s": 0.021182514084506984,
        "std_dt_s": 0.009755401913483775,
        "sample_count": 568
      },
      "x": {
        "velocity_correlation_lag_s": {
          "value": 0.1709302325581394,
          "sample_count": 143,
          "rmse": 0.04509380240168643
        },
        "accel_correlation_lag_s": {
          "value": 0.23930232558139516,
          "sample_count": 157,
          "rmse": 0.2030970593426676
        },
        "up": {
          "delay_s": {
            "value": 0.0,
            "sample_count": 0,
            "rmse": 0.0
          },
          "time_constant_s": {
            "value": 0.0,
            "sample_count": 0,
            "rmse": 0.0
          }
        },
        "down": {
          "delay_s": {
            "value": 0.0,
            "sample_count": 0,
            "rmse": 0.0
          },
          "time_constant_s": {
            "value": 0.0,
            "sample_count": 0,
            "rmse": 0.0
          }
        }
      },
      "y": {
        "velocity_correlation_lag_s": {
          "value": 0.1739651775147927,
          "sample_count": 144,
          "rmse": 0.04207074008231008
        },
        "accel_correlation_lag_s": {
          "value": 0.24355124852070978,
          "sample_count": 151,
          "rmse": 0.1904154994938629
        },
        "up": {
          "delay_s": {
            "value": 0.0,
            "sample_count": 0,
            "rmse": 0.0
          },
          "time_constant_s": {
            "value": 0.0,
            "sample_count": 0,
            "rmse": 0.0
          }
        },
        "down": {
          "delay_s": {
            "value": 0.0,
            "sample_count": 0,
            "rmse": 0.0
          },
          "time_constant_s": {
            "value": 0.0,
            "sample_count": 0,
            "rmse": 0.0
          }
        }
      }
    }
  },
  "control_effort": {
    "bridge_probe_xy": {
      "x_dominant": {
        "mean_abs_rate_sp_pitch": {
          "value": 0.16077993641618496,
          "sample_count": 173,
          "rmse": 0.08293815594712274
        },
        "mean_abs_torque_sp_pitch": {
          "value": 0.004395219653179191,
          "sample_count": 173,
          "rmse": 0.003557402131982143
        },
        "mean_abs_alloc_unalloc_pitch": {
          "value": 0.0,
          "sample_count": 173,
          "rmse": 0.0
        },
        "mean_abs_pitch_rad": {
          "value": 0.07350221387283237,
          "sample_count": 173,
          "rmse": 0.04462937102046793
        }
      },
      "y_dominant": {
        "mean_abs_rate_sp_roll": {
          "value": 0.1681101294117647,
          "sample_count": 170,
          "rmse": 0.08517990606810674
        },
        "mean_abs_torque_sp_roll": {
          "value": 0.005119441176470588,
          "sample_count": 170,
          "rmse": 0.002865089354844919
        },
        "mean_abs_alloc_unalloc_roll": {
          "value": 0.0,
          "sample_count": 170,
          "rmse": 0.0
        },
        "mean_abs_roll_rad": {
          "value": 0.07694842352941177,
          "sample_count": 170,
          "rmse": 0.04523243876607257
        }
      }
    },
    "attitude_sweeps": {
      "roll": {
        "mean_abs_rate_sp_roll": {
          "value": 0.023961316037735853,
          "sample_count": 848,
          "rmse": 0.024594411647696445
        },
        "mean_abs_torque_sp_roll": {
          "value": 0.0009243455188679246,
          "sample_count": 848,
          "rmse": 0.0010283265553497423
        },
        "mean_abs_alloc_unalloc_roll": {
          "value": 0.0,
          "sample_count": 848,
          "rmse": 0.0
        }
      },
      "pitch": {
        "mean_abs_rate_sp_pitch": {
          "value": 0.023957373964497042,
          "sample_count": 845,
          "rmse": 0.024310768526861905
        },
        "mean_abs_torque_sp_pitch": {
          "value": 0.0012938082840236685,
          "sample_count": 845,
          "rmse": 0.0013656179505680288
        },
        "mean_abs_alloc_unalloc_pitch": {
          "value": 0.0,
          "sample_count": 845,
          "rmse": 0.0
        }
      },
      "yaw": {
        "mean_abs_rate_sp_yaw": {
          "value": 0.06867705423280424,
          "sample_count": 756,
          "rmse": 0.07816210594021225
        },
        "mean_abs_torque_sp_yaw": {
          "value": 0.0050601812169312164,
          "sample_count": 756,
          "rmse": 0.005503570091694795
        },
        "mean_abs_alloc_unalloc_yaw": {
          "value": 0.0,
          "sample_count": 756,
          "rmse": 0.0
        }
      }
    },
    "allocation_global": {
      "mean_abs_alloc_torque_achieved": {
        "value": 1.0,
        "sample_count": 3018,
        "rmse": 0.0
      }
    }
  },
  "inertia": {
    "x": {
      "axis": "x",
      "inertia_kgm2": 0.004306245353177241,
      "sample_count": 844,
      "rmse_nm": 0.001313814821108734
    },
    "y": {
      "axis": "y",