{
  "identified": {
    "mass": {
      "mass_kg": 2.0,
      "sample_count": 60,
      "std_kg": 0.0,
      "gravity_mps2": 9.80665
    },
    "thrust_scale": {
      "thrust_scale_n_per_cmd": 32.86759111451303,
      "sample_count": 60,
      "rmse_n": 0.04657663483094201,
      "gravity_mps2": 9.80665
    },
    "inertia": {
      "x": {
        "axis": "x",
        "inertia_kgm2": 0.021666666666666664,
        "sample_count": 90,
        "rmse_nm": 4.5411262927779065e-18
      },
      "y": {
        "axis": "y",
        "inertia_kgm2": 0.02166666666666665,
        "sample_count": 90,
        "rmse_nm": 2.009855972789861e-17
      },
      "z": {
        "axis": "z",
        "inertia_kgm2": 0.04000000000000002,
        "sample_count": 90,
        "rmse_nm": 3.6249771746029075e-18
      }
    },
    "drag": {
      "x": {
        "axis": "x",
        "coefficient": 0.18,
        "sample_count": 80,
        "rmse_n": 1.5211853365652931e-16
      },
      "y": {
        "axis": "y",
        "coefficient": 0.21000000000000002,
        "sample_count": 80,
        "rmse_n": 1.572926493771547e-16
      },
      "z": {
        "axis": "z",
        "coefficient": 0.27,
        "sample_count": 80,
        "rmse_n": 7.045625899562153e-17
      }
    },
    "motor_model": {
      "time_constant_up_s": {
        "value": 0.012500000000001982,
        "sample_count": 36,
        "rmse": 2.8507279152208638e-15
      },
      "time_constant_down_s": {
        "value": 0.025000000000003905,
        "sample_count": 76,
        "rmse": 7.056230507543327e-15
      },
      "max_rot_velocity_radps": {
        "value": 1000.0,
        "sample_count": 330,
        "rmse": 0.0
      },
      "motor_constant": {
        "value": 8.54858e-06,
        "sample_count": 856,
        "rmse": 6.052973331691025e-16
      },
      "moment_constant": {
        "value": 0.016,
        "sample_count": 90,
        "rmse": 0.0
      },
      "rotor_drag_coefficient": {
        "value": 8.06428e-05,
        "sample_count": 217,
        "rmse": 0.0
      },
      "rolling_moment_coefficient": {
        "value": 9.999999999999997e-07,
        "sample_count": 217,
        "rmse": 5.759207982327011e-16
      },
      "rotor_velocity_slowdown_sim": {
        "value": 10.0,
        "sample_count": 948,
        "rmse": 0.0
      }
    },
    "warnings": [
      "x-axis inertia estimate used coupling-aware fit because it reduced torque-fit RMSE from 0.0011 to 0.0000.",
      "y-axis inertia estimate used coupling-aware fit because it reduced torque-fit RMSE from 0.0003 to 0.0000.",
      "y-axis inertia estimate used joint diagonal fit because it outperformed the axis-wise fit (rmse 0.0000 -> 0.0000).",
      "z-axis inertia estimate used joint diagonal fit because it outperformed the axis-wise fit (rmse 0.0000 -> 0.0000)."
    ]
  },
  "reference": {
    "model_name": "x500",
    "model_sdf": "builtin:x500",
    "base_model_sdf": "builtin:x500_base",
    "mass": {
      "mass_kg": 2.0
    },
    "inertia": {
      "x": {
        "inertia_kgm2": 0.02166666666666667
      },
      "y": {
        "inertia_kgm2": 0.02166666666666667
      },
      "z": {
        "inertia_kgm2": 0.04000000000000001
      }
    },
    "motor_model": {
      "time_constant_up_s": 0.0125,
      "time_constant_down_s": 0.025,
      "max_rot_velocity_radps": 1000.0,
      "motor_constant": 8.54858e-06,
      "moment_constant": 0.016,
      "rotor_drag_coefficient": 8.06428e-05,
      "rolling_moment_coefficient": 1e-06,
      "rotor_velocity_slowdown_sim": 10.0
    }
  },
  "comparison": {
    "comparable_metrics": {
      "mass_kg": {
        "identified": 2.0,
        "reference": 2.0,
        "abs_error": 0.0,
        "pct_error": 0.0
      },
      "ixx_kgm2": {
        "identified": 0.021666666666666664,
        "reference": 0.02166666666666667,
        "abs_error": -6.938893903907228e-18,
        "pct_error": -3.202566417187951e-14
      },
      "iyy_kgm2": {
        "identified": 0.02166666666666665,
        "reference": 0.02166666666666667,
        "abs_error": -2.0816681711721685e-17,
        "pct_error": -9.607699251563852e-14
      },
      "izz_kgm2": {
        "identified": 0.04000000000000002,
        "reference": 0.04000000000000001,
        "abs_error": 1.3877787807814457e-17,
        "pct_error": 3.4694469519536136e-14
      },
      "time_constant_up_s": {
        "identified": 0.012500000000001982,
        "reference": 0.0125,
        "abs_error": 1.9810542095655137e-15,
        "pct_error": 1.584843367652411e-11
      },
      "time_constant_down_s": {
        "identified": 0.025000000000003905,
        "reference": 0.025,
        "abs_error": 3.903127820947816e-15,
        "pct_error": 1.5612511283791264e-11
      },
      "max_rot_velocity_radps": {
        "identified": 1000.0,
        "reference": 1000.0,
        "abs_error": 0.0,
        "pct_error": 0.0
      },
      "motor_constant": {
        "identified": 8.54858e-06,
        "reference": 8.54858e-06,
        "abs_error": 0.0,
        "pct_error": 0.0
      },
      "moment_constant": {
        "identified": 0.016,
        "reference": 0.016,
        "abs_error": 0.0,
        "pct_error": 0.0
      },
      "rotor_drag_coefficient": {
        "identified": 8.06428e-05,
        "reference": 8.06428e-05,
        "abs_error": 0.0,
        "pct_error": 0.0
      },
      "rolling_moment_coefficient": {
        "identified": 9.999999999999997e-07,
        "reference": 1e-06,
        "abs_error": -2.117582368135751e-22,
        "pct_error": -2.117582368135751e-14
      },
      "rotor_velocity_slowdown_sim": {
        "identified": 10.0,
        "reference": 10.0,
        "abs_error": 0.0,
        "pct_error": 0.0
      }
    },
    "blended_twin_score": {
      "score": 99.99999999997937,
      "normalized_penalty": 2.0639283644340419e-13,
      "family_scores": {
        "inertia": 99.99999999999946,
        "mass": 100.0,
        "motor_coefficients": 99.99999999999997,
        "motor_dynamics": 99.99999999992212
      },
      "metric_contributions": {
        "mass_kg": {
          "family": "mass",
          "weight": 1.0,
          "tolerance_pct": 5.0,
          "normalized_error": 0.0,
          "weighted_penalty": 0.0
        },
        "ixx_kgm2": {
          "family": "inertia",
          "weight": 1.4,
          "tolerance_pct": 10.0,
          "normalized_error": 3.202566417187951e-15,
          "weighted_penalty": 4.483592984063131e-15
        },
        "iyy_kgm2": {
          "family": "inertia",
          "weight": 1.2,
          "tolerance_pct": 10.0,
          "normalized_error": 9.607699251563852e-15,
          "weighted_penalty": 1.1529239101876623e-14
        },
        "izz_kgm2": {
          "family": "inertia",
          "weight": 1.0,
          "tolerance_pct": 10.0,
          "normalized_error": 3.4694469519536134e-15,
          "weighted_penalty": 3.4694469519536134e-15
        },
        "time_constant_up_s": {
          "family": "motor_dynamics",
          "weight": 1.3,
          "tolerance_pct": 15.0,
          "normalized_error": 1.0565622451016072e-12,
          "weighted_penalty": 1.3735309186320894e-12
        },
        "time_constant_down_s": {
          "family": "motor_dynamics",
          "weight": 1.0,
          "tolerance_pct": 15.0,
          "normalized_error": 1.0408340855860843e-12,
          "weighted_penalty": 1.0408340855860843e-12
        },
        "max_rot_velocity_radps": {
          "family": "motor_dynamics",
          "weight": 0.8,
          "tolerance_pct": 5.0,
          "normalized_error": 0.0,
          "weighted_penalty": 0.0
        },
        "motor_constant": {
          "family": "motor_coefficients",
          "weight": 1.1,
          "tolerance_pct": 5.0,
          "normalized_error": 0.0,
          "weighted_penalty": 0.0
        },
        "moment_constant": {
          "family": "motor_coefficients",
          "weight": 0.9,
          "tolerance_pct": 5.0,