{
  "model": "reidentified_sitl",
  "gz_model": "x500_ident_matrix_reidentified",
  "trajectory": "circle",
  "source_root": "/tmp/sitl_reidentified_circle_determinism_10x_fast_2026-04-07",
  "notes": [
    "Runs used --skip-landing-after-trajectory so determinism is measured on the tracking window only.",
    "Normal validation flow is unchanged; this flag is for repeatability probes."
  ],
  "rmse3d_m": {
    "mean": 0.46807919672410236,
    "median": 0.4685164135951905,
    "pstdev": 0.00832611871975046,
    "min": 0.4581180226597158,
    "max": 0.48241307952152607,
    "range": 0.02429505686181027
  },
  "mean_xy_error_m": {
    "mean": 0.4337219958883396,
    "pstdev": 0.008253528339454568,
    "min": 0.4238506990403611,
    "max": 0.44745364396577264
  },
  "max_xy_error_m": {
    "mean": 0.7604238761074273,
    "pstdev": 0.029037052368586228,
    "min": 0.6866890799313764,
    "max": 0.7956637424666275
  },
  "all_csv_hashes_unique": true,
  "runs": [
    {
      "rows": 710,
      "sha256": "5e584259c574465510e0fb1ad7cca1ae98172347dc6ef01e51e5dd7421ca4cbc",
      "first_timestamp_us": 64300000,
      "last_timestamp_us": 78480000,
      "rmse3d_m": 0.4750413488211078,
      "mean_xy_error_m": 0.4420902794972332,
      "max_xy_error_m": 0.7554405928681618,
      "mean_z_error_m": 0.04921732394366198,
      "max_z_error_m": 0.24298600000000015,
      "max_xy_progress": 0.21156558533145275,
      "max_xy_index": 150,
      "repeat": 1,
      "tracking_log": "docs/sitl_validation/determinism/reidentified_circle_10x/tracking_logs/circle_repeat_01.csv"
    },
    {
      "rows": 710,
      "sha256": "9560a9635009b9986dc7d96e5abea3937cb49ed16baf409d45324ed22f7ce740",
      "first_timestamp_us": 63096000,
      "last_timestamp_us": 77276000,
      "rmse3d_m": 0.4768473113627954,
      "mean_xy_error_m": 0.4413451402580537,
      "max_xy_error_m": 0.7956637424666275,
      "mean_z_error_m": 0.04693713661971833,
      "max_z_error_m": 0.2465440000000001,
      "max_xy_progress": 0.21015514809590974,
      "max_xy_index": 149,
      "repeat": 2,
      "tracking_log": "docs/sitl_validation/determinism/reidentified_circle_10x/tracking_logs/circle_repeat_02.csv"
    },
    {
      "rows": 710,
      "sha256": "73ab52d00bc912afb600044f435569f28c16dda6d961739269ffdfe623e28724",
      "first_timestamp_us": 62380000,
      "last_timestamp_us": 76560000,
      "rmse3d_m": 0.45927734976561924,
      "mean_xy_error_m": 0.4248831667109678,
      "max_xy_error_m": 0.7506883414606891,
      "mean_z_error_m": 0.050417221126760586,
      "max_z_error_m": 0.24957799999999963,
      "max_xy_progress": 0.21156558533145275,
      "max_xy_index": 150,
      "repeat": 3,
      "tracking_log": "docs/sitl_validation/determinism/reidentified_circle_10x/tracking_logs/circle_repeat_03.csv"
    },
    {
      "rows": 710,
      "sha256": "5846b169c1050f095c316528ed4c498bff97e7c1be6c211603c2d6ae83127070",
      "first_timestamp_us": 62724000,
      "last_timestamp_us": 76904000,
      "rmse3d_m": 0.46033745232779666,
      "mean_xy_error_m": 0.42486862820460103,
      "max_xy_error_m": 0.7836422253841354,
      "mean_z_error_m": 0.04621864647887325,
      "max_z_error_m": 0.24861800000000045,
      "max_xy_progress": 0.21156558533145275,
      "max_xy_index": 150,
      "repeat": 4,
      "tracking_log": "docs/sitl_validation/determinism/reidentified_circle_10x/tracking_logs/circle_repeat_04.csv"
    },
    {
      "rows": 710,
      "sha256": "e22ccb6ce9535ebec0f252bd1db7af38e9d1c3ea2bcc7b6821e7ed25972c5bf4",
      "first_timestamp_us": 62532000,
      "last_timestamp_us": 76712000,
      "rmse3d_m": 0.4581180226597158,
      "mean_xy_error_m": 0.4246072920271289,
      "max_xy_error_m": 0.6866890799313764,
      "mean_z_error_m": 0.04762950845070421,
      "max_z_error_m": 0.24470599999999987,
      "max_xy_progress": 0.2143864598025388,
      "max_xy_index": 152,
      "repeat": 5,
      "tracking_log": "docs/sitl_validation/determinism/reidentified_circle_10x/tracking_logs/circle_repeat_05.csv"
    },
    {
      "rows": 710,
      "sha256": "ce8f9c84e411dc56e3eb67e67400c1d0bc39aae80712899b66dc7ce93bc8435d",
      "first_timestamp_us": 67528000,
      "last_timestamp_us": 81708000,
      "rmse3d_m": 0.46755484036709083,
      "mean_xy_error_m": 0.43544695585518894,
      "max_xy_error_m": 0.7530348233926504,
      "mean_z_error_m": 0.04944840704225351,
      "max_z_error_m": 0.24542700000000028,
      "max_xy_progress": 0.21015514809590974,
      "max_xy_index": 149,
      "repeat": 6,
      "tracking_log": "docs/sitl_validation/determinism/reidentified_circle_10x/tracking_logs/circle_repeat_06.csv"
    },
    {
      "rows": 710,
      "sha256": "8e24aab19f321a79370a99c2eee0467185cbe894bff99b9f3b1bc667665b6a0c",
      "first_timestamp_us": 66364000,
      "last_timestamp_us": 80544000,
      "rmse3d_m": 0.4734034381898388,
      "mean_xy_error_m": 0.43866393190431957,
      "max_xy_error_m": 0.7546505128627422,
      "mean_z_error_m": 0.047482781690140856,
      "max_z_error_m": 0.2447619999999997,
      "max_xy_progress": 0.21156558533145275,
      "max_xy_index": 150,
      "repeat": 7,
      "tracking_log": "docs/sitl_validation/determinism/reidentified_circle_10x/tracking_logs/circle_repeat_07.csv"
    },
    {
      "rows": 710,
      "sha256": "c89e30f5f2fb90f12cfa038df79d576e4ba9ea623887a323c002f3984e9f8480",
      "first_timestamp_us": 63888000,
      "last_timestamp_us": 78068000,
      "rmse3d_m": 0.45832113740224323,
      "mean_xy_error_m": 0.4238506990403611,
      "max_xy_error_m": 0.7588081269622777,
      "mean_z_error_m": 0.049281752112676054,
      "max_z_error_m": 0.24934699999999932,
      "max_xy_progress": 0.21015514809590974,
      "max_xy_index": 149,
      "repeat": 8,
      "tracking_log": "docs/sitl_validation/determinism/reidentified_circle_10x/tracking_logs/circle_repeat_08.csv"
    },
    {
      "rows": 710,
      "sha256": "a5dfe37e5ac888b7be33b764ecb3d33d0c50b0748daa8c5d1c66ce9fa9b7a647",
      "first_timestamp_us": 62784000,
      "last_timestamp_us": 76964000,
      "rmse3d_m": 0.46947798682329006,
      "mean_xy_error_m": 0.4340102214197688,
      "max_xy_error_m": 0.7820188875500385,
      "mean_z_error_m": 0.04604759154929575,
      "max_z_error_m": 0.24364600000000003,
      "max_xy_progress": 0.21297602256699577,
      "max_xy_index": 151,
      "repeat": 9,
      "tracking_log": "docs/sitl_validation/determinism/reidentified_circle_10x/tracking_logs/circle_repeat_09.csv"
    },
    {
      "rows": 710,
      "sha256": "5a6a8091fcbe3399af56dc0c7a46ab737352ee6887df67da12b96f5538af51df",
      "first_timestamp_us": 63592000,
      "last_timestamp_us": 77772000,
      "rmse3d_m": 0.48241307952152607,
      "mean_xy_error_m": 0.44745364396577264,
      "max_xy_error_m": 0.7836024281955742,
      "mean_z_error_m": 0.049658502816901415,
      "max_z_error_m": 0.25750599999999935,
      "max_xy_progress": 0.21015514809590974,
      "max_xy_index": 149,
      "repeat": 10,
      "tracking_log": "docs/sitl_validation/determinism/reidentified_circle_10x/tracking_logs/circle_repeat_10.csv"
    }
  ]
}